ssn|cc_num|first|last|gender|street|city|state|zip|lat|long|city_pop|job|dob|acct_num|profile|trans_num|trans_date|trans_time|unix_time|category|amt|is_fraud|merchant|merch_lat|merch_long
096-65-8934|4581920487704|Jessica|Walters|F|32998 Gomez Knolls|Colliers|WV|26035|40.37431890660933|-80.50721470513248|2491|Waste management officer|1975-03-20|64178648472|adults_2550_female_rural.json|dd0fd4c5ca51c99ee0d7686d51108bf2|2022-03-26|03:18:52|1648273732|gas_transport|12.04|1|Paul, Higgins and Garcia|40.37154441975092|-80.50797527680604
096-65-8934|4581920487704|Jessica|Walters|F|32998 Gomez Knolls|Colliers|WV|26035|40.37431890660933|-80.50721470513248|2491|Waste management officer|1975-03-20|64178648472|adults_2550_female_rural.json|ac47b775791da27e6043b86fd70a236c|2022-03-26|01:04:43|1648265683|grocery_pos|10.36|1|Todd-Rodriguez|25.835321185709656|-80.07165179476239
096-65-8934|4581920487704|Jessica|Walters|F|32998 Gomez Knolls|Colliers|WV|26035|40.37431890660933|-80.50721470513248|2491|Waste management officer|1975-03-20|64178648472|adults_2550_female_rural.json|0ebb615f4dcbad9831f667eb19dfe5e7|2022-03-26|02:04:41|1648269281|misc_net|389.57|1|Adams Group|40.44384644687652|-80.52125122742777
096-65-8934|4581920487704|Jessica|Walters|F|32998 Gomez Knolls|Colliers|WV|26035|40.37431890660933|-80.50721470513248|2491|Waste management officer|1975-03-20|64178648472|adults_2550_female_rural.json|d1dec85137068612bf1b4349a2414ada|2022-03-26|01:07:48|1648265868|grocery_pos|326.01|1|Jackson, Good and Taylor|34.95326715209241|-77.45424248813524
096-65-8934|4581920487704|Jessica|Walters|F|32998 Gomez Knolls|Colliers|WV|26035|40.37431890660933|-80.50721470513248|2491|Waste management officer|1975-03-20|64178648472|adults_2550_female_rural.json|70704b7a008c770d008af9cc25d8e57b|2022-03-26|00:59:45|1648265385|misc_pos|802.39|1|Welch, Anderson and Riley|39.037086719742945|-92.44190684462367
096-65-8934|4581920487704|Jessica|Walters|F|32998 Gomez Knolls|Colliers|WV|26035|40.37431890660933|-80.50721470513248|2491|Waste management officer|1975-03-20|64178648472|adults_2550_female_rural.json|3c28d770215cc2b3639cc5288a578930|2022-03-26|02:19:53|1648270193|misc_net|725.71|1|Adams Group|40.44384644687652|-80.52125122742777
096-65-8934|4581920487704|Jessica|Walters|F|32998 Gomez Knolls|Colliers|WV|26035|40.37431890660933|-80.50721470513248|2491|Waste management officer|1975-03-20|64178648472|adults_2550_female_rural.json|4a7436e82141b59eb859f669fc7bd94f|2022-03-26|03:19:36|1648273776|gas_transport|1004.85|1|Paul, Higgins and Garcia|40.37154441975092|-80.50797527680604
096-65-8934|4581920487704|Jessica|Walters|F|32998 Gomez Knolls|Colliers|WV|26035|40.37431890660933|-80.50721470513248|2491|Waste management officer|1975-03-20|64178648472|adults_2550_female_rural.json|11d8e667d0763f3347234f9a3ca4e116|2022-03-26|03:08:50|1648273130|shopping_pos|921.12|1|Thompson and Sons|33.09584323945633|-96.86092336371927
096-65-8934|4581920487704|Jessica|Walters|F|32998 Gomez Knolls|Colliers|WV|26035|40.37431890660933|-80.50721470513248|2491|Waste management officer|1975-03-20|64178648472|adults_2550_female_rural.json|89b04a2e5c9611ae98e36b7ad06a1b79|2022-03-26|03:27:36|1648274256|shopping_net|959.85|1|Stevens, Hoffman and French|40.012202167070946|-82.39661543410864
096-65-8934|4581920487704|Jessica|Walters|F|32998 Gomez Knolls|Colliers|WV|26035|40.37431890660933|-80.50721470513248|2491|Waste management officer|1975-03-20|64178648472|adults_2550_female_rural.json|f5f018feee91de8a58ad7e63f2e42b8d|2022-03-27|22:58:11|1648430891|shopping_pos|1046.81|1|Lewis, Gregory and Johnson|35.9120804672859|-77.33668835953516
096-65-8934|4581920487704|Jessica|Walters|F|32998 Gomez Knolls|Colliers|WV|26035|40.37431890660933|-80.50721470513248|2491|Waste management officer|1975-03-20|64178648472|adults_2550_female_rural.json|0c340225bca388b9d96d62115b7ea166|2022-03-27|22:09:41|1648427981|entertainment|482.99|1|Dixon-Foster|40.374449396302374|-80.50633310632838
096-65-8934|4581920487704|Jessica|Walters|F|32998 Gomez Knolls|Colliers|WV|26035|40.37431890660933|-80.50721470513248|2491|Waste management officer|1975-03-20|64178648472|adults_2550_female_rural.json|73fedc4c6ea1a6e809cfc19568cf8a9e|2022-03-27|23:15:23|1648431923|entertainment|561.11|1|Dixon-Foster|40.374449396302374|-80.50633310632838
096-65-8934|4581920487704|Jessica|Walters|F|32998 Gomez Knolls|Colliers|WV|26035|40.37431890660933|-80.50721470513248|2491|Waste management officer|1975-03-20|64178648472|adults_2550_female_rural.json|99bc7a7df7450253132f898a85e8d724|2022-03-27|22:35:19|1648429519|home|282.55|1|Abbott PLC|26.73467744215215|-81.4803040894358
271-36-4413|4962458701205|Nancy|Phillips|F|2536 Brenda Drives|Dahlgren|IL|62828|38.19749894737034|-88.6363005003095|1426|Environmental health practitioner|1980-11-18|401401327103|adults_2550_female_rural.json|5ae18df01b9b196db814f9a5af236350|2022-02-02|00:03:33|1643772813|grocery_pos|12.15|1|Hensley, Hayes and Zimmerman|33.20290001291587|-117.52106670076492
271-36-4413|4962458701205|Nancy|Phillips|F|2536 Brenda Drives|Dahlgren|IL|62828|38.19749894737034|-88.6363005003095|1426|Environmental health practitioner|1980-11-18|401401327103|adults_2550_female_rural.json|c55cc421031eb465e4ab8c2276912c14|2022-02-02|02:34:29|1643781869|shopping_net|6.43|1|Leonard PLC|33.48571457119936|-84.73356355627578
271-36-4413|4962458701205|Nancy|Phillips|F|2536 Brenda Drives|Dahlgren|IL|62828|38.19749894737034|-88.6363005003095|1426|Environmental health practitioner|1980-11-18|401401327103|adults_2550_female_rural.json|655b10796ae7e99155b7c2811e976b58|2022-02-02|02:37:47|1643782067|shopping_pos|360.95|1|Wilson Ltd|38.20299593317221|-88.59516799209653
271-36-4413|4962458701205|Nancy|Phillips|F|2536 Brenda Drives|Dahlgren|IL|62828|38.19749894737034|-88.6363005003095|1426|Environmental health practitioner|1980-11-18|401401327103|adults_2550_female_rural.json|c18b9dd82f99955da2294097d44a1e3d|2022-02-02|08:43:33|1643804013|gas_transport|970.14|1|Santiago-Reynolds|41.28397678363382|-75.89320775813232
271-36-4413|4962458701205|Nancy|Phillips|F|2536 Brenda Drives|Dahlgren|IL|62828|38.19749894737034|-88.6363005003095|1426|Environmental health practitioner|1980-11-18|401401327103|adults_2550_female_rural.json|63f0be73c43f22ce59d15a4c279758d8|2022-02-02|02:41:42|1643782302|gas_transport|914.60|1|Murray-Taylor|33.55947471686544|-86.73933672670769
271-36-4413|4962458701205|Nancy|Phillips|F|2536 Brenda Drives|Dahlgren|IL|62828|38.19749894737034|-88.6363005003095|1426|Environmental health practitioner|1980-11-18|401401327103|adults_2550_female_rural.json|0f3c5f03e622bf2feb420a962d184797|2022-02-03|22:59:20|1643941760|entertainment|862.82|1|Ruiz, Obrien and Murray|38.188598467234875|-88.63719660247004
271-36-4413|4962458701205|Nancy|Phillips|F|2536 Brenda Drives|Dahlgren|IL|62828|38.19749894737034|-88.6363005003095|1426|Environmental health practitioner|1980-11-18|401401327103|adults_2550_female_rural.json|a3232312c58e81c2bb74215d508e5c37|2022-02-03|22:37:47|1643940467|kids_pets|483.36|1|Spencer-Williams|38.18890406188169|-88.6352399384912
271-36-4413|4962458701205|Nancy|Phillips|F|2536 Brenda Drives|Dahlgren|IL|62828|38.19749894737034|-88.6363005003095|1426|Environmental health practitioner|1980-11-18|401401327103|adults_2550_female_rural.json|83b8ee8945c6010b9965f35e20eb1218|2022-02-03|23:14:28|1643942668|home|436.55|1|Lynn-Taylor|38.23257947878277|-88.62480199271496
271-36-4413|4962458701205|Nancy|Phillips|F|2536 Brenda Drives|Dahlgren|IL|62828|38.19749894737034|-88.6363005003095|1426|Environmental health practitioner|1980-11-18|401401327103|adults_2550_female_rural.json|c98079a086d2d039ef4d900b21c11725|2022-02-03|22:49:20|1643941160|entertainment|256.23|1|Ruiz, Obrien and Murray|38.188598467234875|-88.63719660247004
271-36-4413|4962458701205|Nancy|Phillips|F|2536 Brenda Drives|Dahlgren|IL|62828|38.19749894737034|-88.6363005003095|1426|Environmental health practitioner|1980-11-18|401401327103|adults_2550_female_rural.json|7b9872e167829c39b15a55578d91536e|2022-02-03|23:28:28|1643943508|shopping_pos|268.40|1|Wilson Ltd|38.20299593317221|-88.59516799209653
271-36-4413|4962458701205|Nancy|Phillips|F|2536 Brenda Drives|Dahlgren|IL|62828|38.19749894737034|-88.6363005003095|1426|Environmental health practitioner|1980-11-18|401401327103|adults_2550_female_rural.json|3f1bd541164bb31cf2a157fa43825ac0|2022-02-03|22:01:35|1643938295|personal_care|18.70|1|Obrien Inc|38.19756760552035|-88.63628391883009
271-36-4413|4962458701205|Nancy|Phillips|F|2536 Brenda Drives|Dahlgren|IL|62828|38.19749894737034|-88.6363005003095|1426|Environmental health practitioner|1980-11-18|401401327103|adults_2550_female_rural.json|7ee52452827b09b1ed76433252b41487|2022-02-03|23:19:59|1643942999|kids_pets|18.42|1|Spencer-Williams|38.18890406188169|-88.6352399384912
271-36-4413|4962458701205|Nancy|Phillips|F|2536 Brenda Drives|Dahlgren|IL|62828|38.19749894737034|-88.6363005003095|1426|Environmental health practitioner|1980-11-18|401401327103|adults_2550_female_rural.json|363701dd3d25ca6600fb0c9de325951e|2022-02-03|22:13:49|1643939029|home|21.91|1|Lynn-Taylor|38.23257947878277|-88.62480199271496
271-36-4413|4962458701205|Nancy|Phillips|F|2536 Brenda Drives|Dahlgren|IL|62828|38.19749894737034|-88.6363005003095|1426|Environmental health practitioner|1980-11-18|401401327103|adults_2550_female_rural.json|b04f56225ba0b86bada429cc65d74c8f|2022-02-03|22:18:30|1643939310|personal_care|24.84|1|Obrien Inc|38.19756760552035|-88.63628391883009
271-36-4413|4962458701205|Nancy|Phillips|F|2536 Brenda Drives|Dahlgren|IL|62828|38.19749894737034|-88.6363005003095|1426|Environmental health practitioner|1980-11-18|401401327103|adults_2550_female_rural.json|d50dee0fe32833c19d36dfeee9e61ea8|2022-02-03|23:48:33|1643944713|kids_pets|20.00|1|Spencer-Williams|38.18890406188169|-88.6352399384912
